"","ensembl_gene_id","log2FC_joint","padj_joint","log2FC_F","padj_F","log2FC_M","padj_M","entrezgene_ids","external_gene_names","gene_biotype","entrezgene_id","external_gene_name","mmusculus_homolog_ensembl_gene","mmusculus_homolog_associated_gene_name","mmusculus_homolog_orthology_type","mmusculus_homolog_perc_id","hsapiens_homolog_ensembl_gene","hsapiens_homolog_associated_gene_name","hsapiens_homolog_orthology_type","hsapiens_homolog_perc_id","mmusculus_homolog_ensembl_genes","mmusculus_homolog_associated_gene_names","mmusculus_homolog_perc_ids","hsapiens_homolog_ensembl_genes","hsapiens_homolog_associated_gene_names","hsapiens_homolog_perc_ids","mmusculus_entrezgene_ids","mmusculus_entrezgene_id","hsapiens_entrezgene_ids","hsapiens_entrezgene_id","sig"
"1","ENSMOCG00000012506",-0.0792603698874788,0.123015339617465,-0.0221011228123168,0.579507290957679,-3.13086903938254,0.000972532421770569,NA,"","protein_coding",NA,"","","","",NA,"","","",NA,NA,NA,NA,NA,NA,NA,NA,NA,NA,NA,"male"
"2","ENSMOCG00000007463",-0.135594223759242,0.0512488679697393,-0.0364536906736283,0.401535182583867,-1.28070630358423,0.00327623751408734,"101981876, 101986518",", ","protein_coding",101981876,"","","","",NA,"","","",NA,NA,NA,NA,NA,NA,NA,NA,NA,NA,NA,"male"
"3","ENSMOCG00000003962",0.962832583834684,0.000104789112390365,0.0850802548446841,0.239392411504568,1.69633759855676,2.13375382670581e-05,NA,"Capn9","protein_coding",NA,"Capn9","ENSMUSG00000031981","Capn9","ortholog_one2one",88.6686,"ENSG00000135773","CAPN9","ortholog_one2one",82.153,NA,NA,NA,NA,NA,NA,"73647",73647,"10753",10753,"male"
"4","ENSMOCG00000013404",-0.265750563185817,0.0251956447835287,-1.05077348091677,0.000233432905284176,-0.0176423526172577,0.765108480465609,"101999391","Abcb11","protein_coding",101999391,"Abcb11","ENSMUSG00000027048","Abcb11","ortholog_one2one",85.129,"ENSG00000073734","ABCB11","ortholog_one2one",82.0941,NA,NA,NA,NA,NA,NA,"27413",27413,"8647",8647,"female"
"5","ENSMOCG00000011552",-1.83399641354084,5.70803197618207e-06,-1.61968901674099,0.000287664601581722,-0.119282721364262,0.0763426640473124,"101987761","Ngfr","protein_coding",101987761,"Ngfr","ENSMUSG00000000120","Ngfr","ortholog_one2one",93.4579,"ENSG00000064300","NGFR","ortholog_one2one",91.8224,NA,NA,NA,NA,NA,NA,"18053",18053,"4804",4804,"female"
"6","ENSMOCG00000021101",0.472538365323145,0.00601978677272615,0.0201941190772324,0.759347215158708,1.11571335261207,0.00127820410962427,"102000827","Spaca1","protein_coding",102000827,"Spaca1","ENSMUSG00000028264","Spaca1","ortholog_one2one",82.3333,"ENSG00000118434","SPACA1","ortholog_one2one",68.6667,NA,NA,NA,NA,NA,NA,"67652",67652,"81833",81833,"male"
"7","ENSMOCG00000004265",1.10221777540992,0.00105990870498076,0.0719994899124624,0.0816401424231725,5.74544503285785,0.000137975300592939,"101989304","Cyp7a1","protein_coding",101989304,"Cyp7a1","ENSMUSG00000028240","Cyp7a1","ortholog_one2one",88.4462,"ENSG00000167910","CYP7A1","ortholog_one2one",81.4741,NA,NA,NA,NA,NA,NA,"13122",13122,"1581",1581,"male"
"8","ENSMOCG00000011227",-0.64840019138121,0.00254300121141034,-0.0707151966876598,0.220176243430271,-3.72946355811367,1.80923923244751e-06,"101998615","Nwd1","protein_coding",101998615,"Nwd1","ENSMUSG00000048148","Nwd1","ortholog_one2one",87.0761,"ENSG00000188039","NWD1","ortholog_one2one",69.9296,NA,NA,NA,NA,NA,NA,"319555",319555,"284434",284434,"male"
"9","ENSMOCG00000005557",-0.91594357741484,1.55490918936186e-06,-1.09302260007987,4.55342694436116e-06,-0.137461413186507,0.105298770222032,"101987899","","protein_coding",101987899,"","","","",NA,"","","",NA,NA,NA,NA,NA,NA,NA,NA,NA,NA,NA,"female"
"10","ENSMOCG00000020098",-0.798873817500201,0.000258821547299273,-0.128767662554557,0.124010668679045,-1.00329570772415,0.00128753916657616,NA,"","protein_coding",NA,"","ENSMUSG00000028334","Nans","ortholog_one2many",90.8587,"ENSG00000095380","NANS","ortholog_one2many",91.1357,NA,NA,NA,NA,NA,NA,"94181",94181,"54187",54187,"male"
"11","ENSMOCG00000013174",-0.80376907735721,0.000271424810334764,-1.07969786269777,0.000132791723798133,-0.0430656360370722,0.444474954810931,"101998998","Pon3","protein_coding",101998998,"Pon3","ENSMUSG00000029759","Pon3","ortholog_one2one",87.2881,"ENSG00000105852","PON3","ortholog_one2one",80.791,NA,NA,NA,NA,NA,NA,"269823",269823,"5446",5446,"female"
"12","ENSMOCG00000000894",0.605797916036672,4.72645376582452e-05,0.216667998004691,0.0364187179529559,1.01508020599422,1.05328170453329e-06,"101986986","","protein_coding",101986986,"","ENSMUSG00000030361","Klrb1a","ortholog_many2many",61.8182,"ENSG00000111796","KLRB1","ortholog_one2many",45.9091,"ENSMUSG00000030361, ENSMUSG00000030325, ENSMUSG00000079298","Klrb1a, Klrb1c, Klrb1b","61.8182, 57.2727, 50.4545","ENSG00000111796, ENSG00000111796, ENSG00000111796","KLRB1, KLRB1, KLRB1","45.9091, 45.9091, 45.9091","17057",17057,"3820",3820,"male"
"13","ENSMOCG00000008843",-1.75734524895891,1.17081475381219e-07,-2.10525483907278,7.31337240580817e-06,-0.22816282427196,0.0383282891585406,"101987276","Shh","protein_coding",101987276,"Shh","ENSMUSG00000002633","Shh","ortholog_one2one",94.1043,"ENSG00000164690","SHH","ortholog_one2one",92.7438,NA,NA,NA,NA,NA,NA,"20423",20423,"6469",6469,"female"
"14","ENSMOCG00000013748",-1.04711414230769,4.1614831552402e-05,-0.16181960776703,0.0730812417631182,-1.12305300514578,0.000972532421770569,NA,"","protein_coding",NA,"","","","",NA,"","","",NA,NA,NA,NA,NA,NA,NA,NA,NA,NA,NA,"male"
"15","ENSMOCG00000010505",0.816338967266935,3.86333821998971e-05,0.191192628663806,0.0608928925193211,1.00084534017736,0.000693489136376304,NA,"Spata32","protein_coding",NA,"Spata32","ENSMUSG00000044787","Spata32","ortholog_one2one",70.6949,"ENSG00000184361","SPATA32","ortholog_one2one",42.9003,NA,NA,NA,NA,NA,NA,"328019",328019,"124783",124783,"male"
"16","ENSMOCG00000001528",-2.31095409585491,1.78473938630118e-06,-0.219598273622078,0.0191197997815026,-2.92235156701485,0.000198710453588186,NA,"","protein_coding",NA,"","ENSMUSG00000039001","Rps21","ortholog_one2many",93.0233,"ENSG00000171858","RPS21","ortholog_one2many",95.3488,NA,NA,NA,NA,NA,NA,"66481",66481,"6227",6227,"male"
